unit_id,free_time,location
20237,2021-02-27 00:00:00,35597
19912,2021-02-27 00:00:00,35823
20243,2021-02-27 00:00:00,35598
32580,2021-02-27 00:00:00,37773
20204,2021-02-27 00:00:00,35130
36147,2021-02-27 00:00:00,35029
34102,2021-02-27 00:00:00,36889
35535,2021-02-27 00:00:00,35130
31788,2021-02-27 00:00:00,34657
28133,2021-02-27 00:00:00,37761
21872,2021-02-27 00:00:00,35761
35207,2021-02-27 00:00:00,34579
24026,2021-02-27 00:00:00,35598
20910,2021-02-27 00:00:00,35551
35265,2021-02-27 00:00:00,35597
37918,2021-02-27 00:00:00,35596
32632,2021-02-27 00:00:00,34470
18025,2021-02-27 00:00:00,35011
16901,2021-02-27 00:00:00,33700
27651,2021-02-27 00:00:00,35064
20150,2021-02-27 00:00:00,35552
44704,2021-02-27 00:00:00,34169
28131,2021-02-27 00:00:00,35590
20540,2021-02-27 00:00:00,35581
18030,2021-02-27 00:00:00,34622
17209,2021-02-27 00:00:00,38541
34120,2021-02-27 00:00:00,34649
21914,2021-02-27 00:00:00,35753
41518,2021-02-27 00:00:00,35581
32416,2021-02-27 00:00:00,35596
27826,2021-02-27 00:00:00,37756
22420,2021-02-27 00:00:00,37750
29396,2021-02-27 00:00:00,35596
37314,2021-02-27 00:00:00,36461
41580,2021-02-27 00:00:00,34180
17457,2021-02-27 00:00:00,34231
18317,2021-02-27 11:46:00,34231
17582,2021-02-27 11:46:00,34231
17512,2021-02-27 11:46:00,34231
41319,2021-02-27 00:00:00,34576
36314,2021-02-27 00:00:00,36025
44252,2021-02-27 00:00:00,36889
16788,2021-02-27 00:00:00,33703
20605,2021-02-27 00:00:00,37725
33672,2021-02-27 00:00:00,36889
40096,2021-02-27 00:00:00,35597
22710,2021-02-27 00:00:00,35009
44722,2021-02-27 00:00:00,34138
18785,2021-02-27 00:00:00,34823
18090,2021-02-27 00:00:00,37090
24873,2021-02-27 00:00:00,34176
27681,2021-02-27 16:19:00,35552
20583,2021-02-27 00:00:00,35597
36648,2021-02-27 00:00:00,35597
44719,2021-02-27 00:00:00,35454
21160,2021-02-27 00:00:00,35596
25917,2021-02-27 00:00:00,34231
19936,2021-02-27 00:00:00,35402
27673,2021-02-27 00:00:00,39181
20067,2021-02-27 00:00:00,35383
26409,2021-02-27 00:00:00,34978
30058,2021-02-27 00:00:00,35597
39386,2021-02-27 00:00:00,35596
44751,2021-02-27 00:00:00,36889
20821,2021-02-27 00:00:00,35597
44752,2021-02-27 00:00:00,35596
42322,2021-02-27 12:06:00,35596
20766,2021-02-27 00:00:00,35596
22945,2021-02-27 00:00:00,35597
19933,2021-02-27 00:00:00,35380
44724,2021-02-27 00:00:00,35011
20822,2021-02-27 00:00:00,35596
28313,2021-02-27 00:00:00,35584
20069,2021-02-27 00:00:00,35414
19799,2021-02-27 00:00:00,35400
20227,2021-02-27 09:12:00,35555
18264,2021-02-27 00:00:00,34619
32249,2021-02-27 00:00:00,35596
44728,2021-02-27 00:00:00,34619
20616,2021-02-27 00:00:00,35597
38298,2021-02-27 00:00:00,35596
44747,2021-02-27 00:00:00,36188
21900,2021-02-27 00:00:00,35389
23316,2021-02-27 00:00:00,37741
17497,2021-02-27 00:00:00,34313
38664,2021-02-27 00:00:00,35596
20283,2021-02-27 00:00:00,34313
23844,2021-02-27 00:00:00,34394
25672,2021-02-27 00:00:00,35596
17695,2021-02-27 00:00:00,34462
21168,2021-02-27 08:58:00,37747
31789,2021-02-27 00:00:00,35584
35413,2021-02-27 00:00:00,34657
33646,2021-02-27 00:00:00,35027
21522,2021-02-27 00:00:00,35401
24175,2021-02-27 00:00:00,36889
20261,2021-02-27 00:00:00,35596
20262,2021-02-27 09:13:00,35553
16518,2021-02-27 15:04:00,33704
19056,2021-02-27 00:00:00,33936
41346,2021-02-27 06:43:00,37874
21175,2021-02-28 03:15:00,37726
37815,2021-02-27 00:00:00,36889
19569,2021-02-27 00:00:00,34774
16436,2021-02-27 00:00:00,33733
16432,2021-02-27 00:00:00,34603
31236,2021-02-27 00:00:00,35598
31192,2021-02-27 00:00:00,35596
21915,2021-02-27 00:00:00,35753
21875,2021-02-27 00:00:00,35761
21869,2021-02-27 00:00:00,35753
44774,2021-02-27 00:00:00,39053
20068,2021-02-27 00:00:00,35421
35983,2021-02-27 00:00:00,37570
21521,2021-02-27 00:00:00,35377
44819,2021-02-27 00:00:00,35596
35522,2021-02-27 00:00:00,35596
36141,2021-02-27 00:00:00,33716
41314,2021-02-27 00:00:00,34142
37885,2021-02-27 00:00:00,36889
26411,2021-02-27 00:00:00,35597
23271,2021-02-27 00:00:00,35596
38015,2021-02-27 00:00:00,38323
24172,2021-02-27 00:00:00,38041
27453,2021-02-27 00:00:00,33704
20867,2021-02-27 00:00:00,35596
30044,2021-02-27 00:00:00,34709
41442,2021-02-27 00:00:00,34585
31286,2021-02-27 00:00:00,35597
20652,2021-02-27 00:00:00,35596
37550,2021-02-27 00:00:00,35596
17519,2021-02-27 00:00:00,38045
44821,2021-02-27 00:00:00,36889
44794,2021-02-27 00:00:00,35449
44792,2021-02-27 00:00:00,34593
19808,2021-02-27 00:00:00,35367
41590,2021-02-27 00:00:00,37773
33273,2021-02-27 00:00:00,35597
21176,2021-02-27 12:08:00,35596
22941,2021-02-27 00:00:00,36889
29397,2021-02-27 05:44:00,36889
25143,2021-02-27 00:00:00,34656
39088,2021-02-27 00:00:00,34619
44820,2021-02-27 00:00:00,36889
44801,2021-02-27 00:00:00,34666
21037,2021-02-27 00:00:00,35597
44812,2021-02-27 00:00:00,34619
19947,2021-02-27 00:00:00,35409
41187,2021-02-27 00:00:00,35597
25575,2021-02-27 00:00:00,36889
38594,2021-02-27 00:00:00,36889
19571,2021-02-27 00:00:00,35130
39383,2021-02-27 00:00:00,35596
35258,2021-02-27 00:00:00,35597
21170,2021-02-27 00:00:00,35596
34755,2021-02-27 00:00:00,35597
17702,2021-02-27 00:00:00,34462
39540,2021-02-28 11:26:00,39181
34969,2021-02-27 00:00:00,35597
22411,2021-02-27 00:00:00,35596
23226,2021-02-27 00:00:00,35596
20827,2021-02-27 00:00:00,35597
44817,2021-02-27 00:00:00,35596
20729,2021-02-27 00:00:00,35596
41420,2021-02-27 00:00:00,36889
44818,2021-02-27 00:00:00,35596
20814,2021-02-27 12:08:00,35596
23735,2021-02-27 00:00:00,36889
20634,2021-02-27 00:00:00,35597
18023,2021-02-27 00:00:00,34638
40924,2021-02-27 00:00:00,35130
20596,2021-02-27 00:00:00,36889
38662,2021-02-27 00:00:00,35596
29022,2021-02-27 00:00:00,35515
31188,2021-02-27 00:00:00,35515
31187,2021-02-27 00:00:00,35515
38817,2021-02-27 00:00:00,34657
20845,2021-02-27 00:00:00,35597
23728,2021-02-27 00:00:00,36889
24314,2021-02-27 00:00:00,34116
20273,2021-02-27 00:00:00,35596
20777,2021-02-27 00:00:00,37735
37486,2021-02-27 00:00:00,35597
17581,2021-02-27 11:35:00,34231
20144,2021-02-27 00:00:00,35596
22363,2021-02-27 00:00:00,34656
21964,2021-02-27 00:00:00,35596
31444,2021-02-27 00:00:00,36889
19944,2021-02-27 00:00:00,35299
20541,2021-02-27 00:00:00,35597
20263,2021-02-27 00:00:00,35596
20831,2021-02-27 00:00:00,35596
26040,2021-02-27 00:00:00,34665
19404,2021-03-01 03:30:00,33696
38797,2021-02-27 00:00:00,35596
33378,2021-02-27 00:00:00,35130
32780,2021-02-27 00:00:00,35596
32779,2021-02-27 00:00:00,35596
32778,2021-02-27 00:00:00,35596
20219,2021-02-27 00:00:00,35581
34176,2021-02-27 00:00:00,35596
39138,2021-02-27 00:00:00,36889
26338,2021-02-27 00:00:00,34656
32936,2021-02-27 00:00:00,35552
24782,2021-02-27 00:00:00,34231
32524,2021-02-27 00:00:00,38249
27528,2021-02-27 17:31:00,35064
44432,2021-02-27 00:00:00,37773
23097,2021-02-27 00:00:00,35561
20826,2021-02-27 00:00:00,35596
41805,2021-02-27 00:00:00,35598
22508,2021-02-27 00:00:00,35596
25188,2021-02-27 00:00:00,37926
44866,2021-02-27 00:00:00,34619
25426,2021-02-27 00:00:00,35364
44868,2021-02-27 00:00:00,34619
19825,2021-02-27 00:00:00,35381
22117,2021-02-27 00:00:00,35596
44548,2021-02-27 00:00:00,35130
42158,2021-02-27 00:00:00,35596
37051,2021-02-27 00:00:00,37736
30211,2021-02-27 00:00:00,35598
17485,2021-02-27 00:00:00,34313
38391,2021-02-27 00:00:00,37726
37884,2021-02-27 00:00:00,37740
44865,2021-02-27 00:00:00,34593
40968,2021-02-27 00:00:00,34593
37886,2021-02-27 00:00:00,37740
42021,2021-02-27 00:00:00,34584
31953,2021-02-27 22:13:00,35596
17061,2021-02-27 00:00:00,34129
25352,2021-02-27 00:00:00,34186
20245,2021-02-27 00:00:00,35581
36148,2021-02-27 00:00:00,36889
39257,2021-02-27 00:00:00,35552
20902,2021-02-27 00:00:00,37756
37358,2021-02-27 00:00:00,36889
41461,2021-02-27 00:00:00,35627
41362,2021-02-27 00:00:00,35596
27782,2021-02-27 00:00:00,35565
21231,2021-02-27 00:00:00,35597
21228,2021-02-27 00:00:00,34665
44421,2021-02-27 00:00:00,34586
17585,2021-02-27 11:35:00,34231
17522,2021-02-27 00:00:00,34251
20244,2021-02-28 08:38:00,39181
18744,2021-02-27 00:00:00,34231
16530,2021-02-27 00:00:00,36825
45190,2021-02-27 00:00:00,34576
25889,2021-02-27 00:00:00,35596
25888,2021-02-27 00:00:00,35596
23125,2021-02-27 00:00:00,35596
23683,2021-02-27 00:00:00,35596
44922,2021-02-27 00:00:00,37928
25733,2021-02-27 00:00:00,37874
35209,2021-02-27 00:00:00,37726
23726,2021-02-27 00:00:00,35596
44928,2021-02-27 00:00:00,34754
40219,2021-02-27 00:00:00,34780
20215,2021-02-27 00:00:00,35596
19774,2021-02-27 00:00:00,35409
17611,2021-02-27 00:00:00,34251
20232,2021-02-27 00:59:00,35596
38737,2021-02-27 00:00:00,36889
22301,2021-02-27 00:00:00,35552
20396,2021-02-27 00:00:00,38297
38667,2021-02-27 00:00:00,38249
38509,2021-02-27 00:00:00,37731
21169,2021-02-27 00:00:00,35598
24199,2021-02-27 00:00:00,37726
21039,2021-02-27 00:00:00,35130
37887,2021-02-28 06:02:00,36889
34299,2021-02-27 00:00:00,35596
21627,2021-02-27 00:00:00,34836
41405,2021-02-27 00:00:00,37838
20145,2021-02-27 00:00:00,35596
19318,2021-02-27 00:00:00,35363
16520,2021-02-27 00:00:00,33703
30215,2021-02-27 00:00:00,34121
18925,2021-02-27 00:00:00,35747
42084,2021-02-27 00:00:00,35299
44968,2021-02-27 00:00:00,36469
21874,2021-02-27 00:00:00,35753
17461,2021-02-27 00:00:00,34231
22328,2021-02-27 00:00:00,34575
44920,2021-02-27 00:00:00,37838
23742,2021-02-27 00:00:00,35596
22927,2021-02-27 00:00:00,35555
37896,2021-02-27 00:00:00,35130
28208,2021-02-27 00:00:00,35561
41053,2021-02-27 00:00:00,35440
30619,2021-02-27 00:00:00,35130
36761,2021-02-27 00:00:00,33934
30683,2021-02-27 00:00:00,34157
40238,2021-02-27 00:00:00,34575
18460,2021-02-27 00:00:00,34313
44622,2021-02-27 00:00:00,35130
39139,2021-02-27 00:00:00,35596
31791,2021-02-27 00:00:00,35130
26905,2021-02-28 19:39:00,39182
28319,2021-02-27 00:00:00,34231
20066,2021-02-27 00:00:00,35414
21516,2021-02-27 00:00:00,35417
19938,2021-02-27 00:00:00,35823
30981,2021-02-27 00:00:00,35011
20147,2021-02-27 00:00:00,35130
18461,2021-02-27 00:00:00,34313
25946,2021-02-27 00:00:00,35753
21923,2021-02-27 00:00:00,35753
20754,2021-02-27 00:00:00,35596
45019,2021-02-27 00:00:00,34547
18451,2021-02-27 00:00:00,34313
39466,2021-02-27 00:00:00,35596
30639,2021-02-27 00:00:00,37880
29915,2021-02-27 00:00:00,36889
30251,2021-02-27 00:00:00,35597
44877,2021-02-27 00:00:00,35754
45014,2021-02-27 00:00:00,39053
20527,2021-02-27 00:00:00,35009
23058,2021-02-27 00:00:00,35604
35472,2021-02-27 00:00:00,35597
20717,2021-02-27 00:00:00,35598
24850,2021-02-27 00:00:00,33703
20206,2021-02-27 00:00:00,35130
33183,2021-02-27 00:00:00,34665
21518,2021-02-27 00:00:00,35364
39481,2021-02-27 00:00:00,35596
20525,2021-02-27 00:00:00,34619
28718,2021-02-27 00:00:00,35823
20737,2021-02-27 00:00:00,35596
20719,2021-02-27 00:00:00,37773
20755,2021-02-27 00:00:00,35597
20824,2021-02-27 00:00:00,35130
20592,2021-02-27 00:00:00,35597
34560,2021-02-27 00:00:00,35669
24997,2021-02-27 00:00:00,33963
32068,2021-02-27 00:00:00,35597
18833,2021-02-27 00:00:00,34231
21174,2021-02-27 00:00:00,35596
19826,2021-02-27 00:00:00,35596
18024,2021-02-27 00:00:00,35011
19196,2021-02-27 00:00:00,34074
20761,2021-02-27 00:00:00,37772
19951,2021-02-27 00:00:00,35360
20198,2021-02-27 00:00:00,35596
16505,2021-02-27 00:00:00,33700
24519,2021-02-27 00:00:00,35753
22788,2021-02-27 00:00:00,35130
21165,2021-02-27 00:00:00,35596
17471,2021-02-27 00:00:00,34314
19955,2021-02-27 00:00:00,35466
41974,2021-02-27 00:00:00,33700
27562,2021-02-27 00:00:00,35600
45073,2021-02-27 00:00:00,35596
23658,2021-02-27 00:00:00,35011
32392,2021-02-27 00:00:00,35011
24789,2021-02-27 00:00:00,34619
44553,2021-02-27 00:00:00,37773
45379,2021-02-27 00:00:00,35581
45087,2021-02-27 00:00:00,37750
22942,2021-02-27 00:00:00,36889
29589,2021-02-27 00:00:00,35567
45085,2021-02-27 00:00:00,34313
26673,2021-02-27 00:00:00,34313
32336,2021-02-27 00:00:00,35596
23433,2021-02-27 00:00:00,37870
34752,2021-02-27 00:00:00,35392
33252,2021-02-27 00:00:00,34780
32419,2021-02-27 00:00:00,34619
24249,2021-02-27 00:00:00,34619
21066,2021-02-27 00:00:00,35596
19803,2021-02-27 00:00:00,35823
20785,2021-02-27 00:00:00,35597
20667,2021-02-27 00:00:00,35597
45097,2021-02-27 00:00:00,33924
38336,2021-02-27 00:00:00,35597
32363,2021-02-27 00:00:00,35597
26598,2021-02-27 00:00:00,35130
17276,2021-02-27 00:00:00,35598
24107,2021-02-27 00:00:00,35597
45624,2021-02-27 00:00:00,35448
38781,2021-02-27 00:00:00,36267
41599,2021-02-27 00:00:00,34550
18027,2021-02-27 00:00:00,34649
45116,2021-02-27 00:00:00,35598
19510,2021-02-27 00:00:00,35596
17890,2021-02-27 00:00:00,35092
23700,2021-02-27 00:00:00,34386
45100,2021-02-27 00:00:00,33703
34100,2021-02-27 00:00:00,36595
33198,2021-02-27 00:00:00,34657
28148,2021-02-27 00:00:00,34390
20336,2021-02-27 00:00:00,34313
45002,2021-02-27 00:00:00,35753
20385,2021-02-27 00:00:00,35489
45147,2021-02-27 00:00:00,35596
40896,2021-02-27 00:00:00,36075
20627,2021-02-27 00:00:00,35596
34342,2021-02-27 00:00:00,35597
18856,2021-02-27 00:00:00,33815
45141,2021-02-27 00:00:00,39053
45142,2021-02-27 00:00:00,39053
21662,2021-02-27 00:00:00,35097
45159,2021-02-27 00:00:00,35596
20276,2021-02-27 00:00:00,35552
39818,2021-02-27 00:00:00,37773
39815,2021-02-27 00:00:00,35597
40159,2021-02-27 00:00:00,37773
42307,2021-02-27 00:00:00,35596
18159,2021-02-27 00:00:00,36025
34308,2021-02-27 00:00:00,34576
20996,2021-02-27 00:00:00,35596
22615,2021-02-27 00:00:00,37726
28946,2021-02-27 00:00:00,35669
20562,2021-02-27 00:00:00,35596
41757,2021-02-27 00:00:00,34598
45172,2021-02-27 00:00:00,35647
23824,2021-02-27 00:00:00,35650
21150,2021-02-27 00:00:00,36825
42026,2021-02-27 00:00:00,34592
35326,2021-02-27 00:00:00,35596
20658,2021-02-27 00:00:00,35597
20644,2021-02-27 00:00:00,35597
45178,2021-02-27 00:00:00,35650
32338,2021-02-27 00:00:00,34593
30691,2021-02-27 00:00:00,37773
19943,2021-02-27 00:00:00,35409
19932,2021-02-27 00:00:00,35377
19931,2021-02-27 00:00:00,35403
20266,2021-02-27 00:00:00,35130
20638,2021-02-27 00:00:00,35596
27387,2021-02-27 00:00:00,34250
31675,2021-02-27 00:00:00,38045
19890,2021-02-27 00:00:00,35412
19889,2021-02-27 00:00:00,35823
19876,2021-02-27 00:00:00,35364
19712,2021-02-27 00:00:00,34619
41986,2021-02-27 00:00:00,34592
17699,2021-02-27 00:00:00,34462
29047,2021-02-27 00:00:00,37737
41725,2021-02-27 00:00:00,35446
25425,2021-02-27 00:00:00,35823
20054,2021-02-27 00:00:00,35404
22473,2021-02-27 00:00:00,37880
24458,2021-02-27 00:00:00,35596
20221,2021-02-27 00:00:00,35596
25524,2021-02-27 00:00:00,35596
25255,2021-02-27 00:00:00,36025
30862,2021-02-27 00:00:00,38616
26394,2021-02-27 00:00:00,34035
17188,2021-02-27 00:00:00,35597
38321,2021-02-27 00:00:00,35596
28089,2021-02-27 00:00:00,35596
20582,2021-02-27 12:15:00,35596
38499,2021-02-27 00:00:00,35588
20281,2021-02-27 00:00:00,39181
26988,2021-02-27 00:00:00,35598
36363,2021-02-27 00:00:00,36889
17199,2021-02-27 00:00:00,34388
45211,2021-02-27 00:00:00,39053
19950,2021-02-27 00:00:00,35360
45212,2021-02-27 00:00:00,39042
33645,2021-02-27 00:00:00,34657
16504,2021-02-27 00:00:00,36276
22410,2021-02-27 00:00:00,35597
36430,2021-02-27 00:00:00,36025
45227,2021-02-27 00:00:00,35596
20619,2021-02-27 00:00:00,35597
45226,2021-02-27 00:00:00,37773
21945,2021-02-28 01:57:00,37739
40385,2021-02-27 00:00:00,35596
37268,2021-02-27 00:00:00,35597
30400,2021-02-27 00:00:00,34584
22943,2021-02-27 00:00:00,35596
25797,2021-02-27 00:00:00,37726
20532,2021-02-27 06:15:00,37747
20916,2021-02-27 00:00:00,35597
20915,2021-02-27 00:00:00,35597
44822,2021-02-27 00:00:00,35597
26947,2021-02-27 00:00:00,36025
25887,2021-02-27 00:00:00,35596
23718,2021-02-27 00:00:00,35596
23682,2021-02-27 00:00:00,35596
17605,2021-02-27 00:00:00,34231
31548,2021-02-27 00:00:00,35130
20060,2021-02-27 00:00:00,35397
38861,2021-02-27 00:00:00,34765
35454,2021-02-27 00:00:00,37726
27134,2021-02-27 00:00:00,37926
31868,2021-02-27 00:00:00,34420
18029,2021-02-27 00:00:00,35041
20664,2021-02-27 00:00:00,38072
33626,2021-02-27 00:00:00,36595
18026,2021-02-27 00:00:00,35729
20713,2021-02-27 00:00:00,35596
41723,2021-02-27 00:00:00,35078
28167,2021-02-27 00:00:00,35596
20205,2021-02-27 00:00:00,35597
38881,2021-02-27 13:43:00,35596
19946,2021-02-27 00:00:00,35413
37879,2021-02-27 00:00:00,36006
28413,2021-02-27 00:00:00,36321
45088,2021-02-27 00:00:00,37746
21152,2021-02-27 00:00:00,37732
23900,2021-02-27 00:00:00,38306
18591,2021-02-27 00:00:00,33703
24445,2021-02-27 00:00:00,37726
32849,2021-02-27 00:00:00,35597
26154,2021-02-27 00:00:00,35403
32897,2021-02-27 00:00:00,33690
45156,2021-02-27 00:00:00,35062
19443,2021-02-27 00:00:00,35097
40700,2021-02-27 00:00:00,34823
20230,2021-02-28 16:35:00,35062
26998,2021-02-27 00:00:00,37740
27653,2021-02-27 00:00:00,36889
34092,2021-02-27 00:00:00,37773
33263,2021-02-27 00:00:00,36595
24207,2021-02-27 00:00:00,37735
24996,2021-02-28 10:38:00,35460
17459,2021-02-27 00:00:00,34231
25926,2021-02-27 00:00:00,36006
23601,2021-02-27 00:00:00,35011
36703,2021-02-27 00:00:00,36006
19800,2021-02-27 00:00:00,35431
44974,2021-02-27 00:00:00,34662
37735,2021-02-27 00:00:00,38249
35579,2021-02-27 00:00:00,36889
45335,2021-02-27 00:00:00,35352
19810,2021-02-27 00:00:00,35361
20282,2021-02-27 00:00:00,35064
42290,2021-02-27 00:00:00,35795
40720,2021-02-27 00:00:00,34662
45352,2021-02-27 00:00:00,35596
23913,2021-02-27 00:00:00,38307
18150,2021-02-27 00:00:00,39040
17684,2021-02-27 00:00:00,34462
18455,2021-02-27 00:00:00,34313
19952,2021-02-27 00:00:00,35823
30545,2021-02-27 00:00:00,34186
17584,2021-02-27 11:46:00,34231
45364,2021-02-27 00:00:00,35597
23004,2021-02-27 00:00:00,35597
45144,2021-02-27 00:00:00,34313
45343,2021-02-27 00:00:00,35597
23839,2021-02-27 00:00:00,35146
20620,2021-02-27 00:00:00,35598
32925,2021-02-27 00:00:00,34665
45370,2021-02-27 00:00:00,35598
36756,2021-02-27 00:00:00,35596
41914,2021-02-27 00:00:00,35597
45374,2021-02-27 00:00:00,35596
30019,2021-02-27 00:00:00,35598
34494,2021-02-27 00:00:00,36889
45373,2021-02-27 00:00:00,35597
45369,2021-02-27 00:00:00,34661
39030,2021-02-27 00:00:00,35564
42341,2021-02-27 00:00:00,38297
39085,2021-02-27 00:00:00,35064
38455,2021-02-27 00:00:00,35568
24252,2021-02-27 00:00:00,35381
45393,2021-02-27 00:00:00,38191
27567,2021-02-27 00:00:00,34462
22834,2021-02-27 00:00:00,37860
38642,2021-02-27 00:00:00,35328
21564,2021-02-27 00:00:00,34622
39130,2021-02-27 00:00:00,37743
20531,2021-02-27 00:00:00,35596
26594,2021-02-27 00:00:00,35130
45409,2021-02-27 00:00:00,39042
45417,2021-02-27 00:00:00,34662
17938,2021-02-27 00:00:00,33924
37820,2021-02-27 00:00:00,35597
20143,2021-02-27 00:00:00,35598
20742,2021-02-27 00:00:00,36889
40387,2021-02-27 00:00:00,35590
40861,2021-02-27 00:00:00,34598
44537,2021-02-27 00:00:00,35920
45431,2021-02-27 00:00:00,37459
31049,2021-02-27 00:00:00,35598
45439,2021-02-27 00:00:00,38306
23505,2021-02-27 00:00:00,35597
45441,2021-02-27 00:00:00,34579
27076,2021-02-27 00:00:00,37775
31764,2021-02-27 00:00:00,35597
38524,2021-02-27 00:00:00,35596
32309,2021-02-27 00:00:00,35565
45445,2021-02-27 00:00:00,35602
45446,2021-02-27 00:00:00,35598
33133,2021-02-27 00:00:00,35598
20225,2021-02-27 00:00:00,35597
45432,2021-02-27 00:00:00,34282
45546,2021-02-27 00:00:00,35596
31186,2021-02-27 00:00:00,35515
22332,2021-02-27 00:00:00,35130
44435,2021-02-27 00:00:00,34170
41407,2021-02-27 00:00:00,35414
20278,2021-02-27 00:00:00,35552
21775,2021-02-27 00:00:00,34106
37254,2021-02-27 00:00:00,36006
27265,2021-02-27 00:00:00,35352
25508,2021-02-27 00:00:00,35601
31470,2021-02-27 00:00:00,37417
45460,2021-02-27 00:00:00,35762
20542,2021-02-27 11:59:00,37747
28235,2021-02-27 00:00:00,34450
19954,2021-02-27 00:00:00,35371
19801,2021-02-27 00:00:00,35421
23622,2021-02-27 00:00:00,35597
16416,2021-02-27 00:00:00,34073
19883,2021-02-27 00:00:00,35455
34495,2021-02-27 00:00:00,38249
35236,2021-02-27 00:00:00,35598
45479,2021-02-27 00:00:00,34598
36039,2021-02-27 00:00:00,34665
23860,2021-02-27 00:00:00,37913
34925,2021-02-27 00:00:00,38249
36277,2021-02-27 00:00:00,35146
37644,2021-02-27 00:00:00,37880
45494,2021-02-27 00:00:00,36889
45483,2021-02-27 00:00:00,34550
27110,2021-02-27 00:00:00,35064
40862,2021-02-27 00:00:00,35596
17456,2021-02-27 00:00:00,34249
36708,2021-02-27 00:00:00,34662
24472,2021-02-27 00:00:00,35492
20923,2021-02-27 00:00:00,35596
22123,2021-02-27 00:00:00,35559
32327,2021-02-27 00:00:00,35596
45505,2021-02-27 00:00:00,35011
36253,2021-02-27 00:00:00,35598
21180,2021-02-27 00:00:00,35064
20768,2021-02-27 00:00:00,37726
20589,2021-02-27 00:00:00,36889
34842,2021-02-27 00:00:00,35597
35809,2021-02-27 00:00:00,38053
19923,2021-02-27 00:00:00,35305
20672,2021-02-27 00:00:00,35597
45541,2021-02-27 00:00:00,35130
28014,2021-02-27 00:00:00,39181
36369,2021-02-27 00:00:00,35064
17720,2021-02-27 00:00:00,34176
27611,2021-02-27 00:00:00,35414
18663,2021-02-27 00:00:00,36917
20760,2021-02-27 00:00:00,35596
23065,2021-02-27 00:00:00,35596
20816,2021-02-27 00:00:00,35596
39506,2021-02-27 00:00:00,35596
39185,2021-02-27 00:00:00,35596
45542,2021-02-27 00:00:00,35596
22504,2021-02-27 00:00:00,35596
20148,2021-02-27 00:00:00,37735
45548,2021-02-27 00:00:00,35596
17959,2021-02-27 00:00:00,34598
45556,2021-02-27 00:00:00,35596
27622,2021-02-27 00:00:00,34318
44924,2021-02-27 00:00:00,36587
21868,2021-02-27 00:00:00,35761
37305,2021-02-27 00:00:00,34579
44878,2021-02-27 00:00:00,36889
45562,2021-02-27 00:00:00,35561
20390,2021-02-27 00:00:00,33941
44041,2021-02-27 00:00:00,36025
19365,2021-02-27 00:00:00,36006
37372,2021-02-27 00:00:00,34590
25844,2021-02-27 00:00:00,37756
20686,2021-02-27 00:00:00,35597
21794,2021-02-27 00:00:00,35571
45569,2021-02-27 00:00:00,35596
26717,2021-02-27 00:00:00,35510
42282,2021-02-27 00:00:00,34743
32707,2021-02-27 00:00:00,36914
21065,2021-02-27 00:00:00,35581
34349,2021-02-27 00:00:00,37741
28408,2021-02-27 00:00:00,35597
31499,2021-02-27 00:00:00,37773
22565,2021-02-27 00:00:00,37773
38570,2021-02-27 00:00:00,33703
44436,2021-02-27 00:00:00,35596
32763,2021-02-27 00:00:00,34178
45614,2021-02-27 00:00:00,35130
27747,2021-02-27 00:00:00,35011
29957,2021-02-27 00:00:00,35011
34846,2021-02-27 00:00:00,35596
33037,2021-02-27 00:00:00,34657
32624,2021-02-27 00:00:00,35581
31691,2021-02-27 00:00:00,35596
26851,2021-02-27 00:00:00,35596
28473,2021-02-27 00:00:00,37838
19814,2021-02-27 00:00:00,35412
18966,2021-02-27 00:00:00,35351
45083,2021-02-27 00:00:00,35213
43958,2021-02-27 00:00:00,35596
45594,2021-02-27 00:00:00,34657
33262,2021-02-27 00:00:00,34666
44345,2021-02-27 00:00:00,35037
24105,2021-02-27 00:00:00,35556
45169,2021-02-27 00:00:00,35596
34559,2021-02-27 00:00:00,35597
39987,2021-02-27 00:00:00,35596
38299,2021-02-27 00:00:00,35597
19194,2021-02-27 00:00:00,34585
24483,2021-02-27 00:00:00,36882
45610,2021-02-27 00:00:00,35597
20835,2021-02-27 00:00:00,37773
45566,2021-02-27 00:00:00,35601
32511,2021-02-27 00:00:00,34550
27258,2021-02-27 00:00:00,35597
23105,2021-02-27 00:00:00,38249
33813,2021-02-27 00:00:00,35581
21060,2021-02-27 00:00:00,35581
32014,2021-02-27 00:00:00,34656
39210,2021-02-27 00:00:00,34666
27612,2021-02-27 00:00:00,36826
39182,2021-02-27 00:00:00,34804
19880,2021-02-27 00:00:00,35442
23268,2021-02-27 00:00:00,37774
23619,2021-02-27 00:00:00,35596
45629,2021-02-27 00:00:00,37775
37204,2021-02-27 00:00:00,36550
26852,2021-02-27 00:00:00,35064
26850,2021-02-27 00:00:00,35130
32690,2021-02-27 00:00:00,37773
45714,2021-02-27 00:00:00,36889
35124,2021-02-27 00:00:00,38249
17510,2021-02-27 00:00:00,34231
45718,2021-02-27 00:00:00,37756
20749,2021-02-27 00:00:00,35064
20891,2021-02-27 00:00:00,37730
20992,2021-02-27 00:00:00,35559
21925,2021-02-27 00:00:00,36356
21149,2021-02-27 00:00:00,35591
38508,2021-02-27 00:00:00,35130
45657,2021-02-27 00:00:00,35064
35644,2021-02-27 00:00:00,36025
37769,2021-02-27 00:00:00,35064
45404,2021-02-27 00:00:00,35596
41553,2021-02-27 00:00:00,33703
44552,2021-02-27 00:00:00,35593
34926,2021-02-27 00:00:00,38249
36158,2021-02-27 00:00:00,37941
22234,2021-02-27 00:00:00,37739
38603,2021-02-27 00:00:00,38249
25155,2021-02-27 00:00:00,35556
36987,2021-02-27 00:00:00,37775
28006,2021-02-27 00:00:00,33712
19660,2021-02-27 00:00:00,35011
30701,2021-02-27 00:00:00,35597
39661,2021-02-27 00:00:00,34176
16796,2021-02-27 00:00:00,33703
23106,2021-02-27 00:00:00,35598
45680,2021-02-27 00:00:00,39042
41891,2021-02-27 00:00:00,35597
20896,2021-02-27 00:00:00,35596
41890,2021-02-27 00:00:00,36889
33038,2021-02-27 00:00:00,34657
34944,2021-02-27 00:00:00,35825
45692,2021-02-27 00:00:00,37059
25145,2021-02-27 00:00:00,34252
20752,2021-02-27 00:00:00,35597
20608,2021-02-27 00:00:00,35597
20649,2021-02-27 00:00:00,35597
20807,2021-02-27 00:00:00,35596
38288,2021-02-27 00:00:00,36006
39412,2021-02-27 00:00:00,36248
45716,2021-02-27 00:00:00,35597
25492,2021-02-27 00:00:00,35510
33756,2021-02-27 00:00:00,35596
20774,2021-02-27 00:00:00,35598
21062,2021-02-27 00:00:00,35596
42132,2021-02-27 00:00:00,35417
36404,2021-02-27 00:00:00,35597
45717,2021-02-27 00:00:00,35596
45721,2021-02-27 00:00:00,35597
20609,2021-02-27 00:00:00,36889
23711,2021-02-27 00:00:00,36889
45785,2021-02-27 00:00:00,36889
20037,2021-02-27 00:00:00,35412
45722,2021-02-27 00:00:00,35756
20114,2021-02-27 00:00:00,33924
45036,2021-02-27 00:00:00,34482
18178,2021-02-27 00:00:00,35490
45786,2021-02-27 00:00:00,35596
34958,2021-02-27 00:00:00,35597
45739,2021-02-27 00:00:00,39042
45740,2021-02-27 00:00:00,39042
45744,2021-02-27 00:00:00,35489
26690,2021-02-27 00:00:00,34823
35567,2021-02-27 00:00:00,35597
20091,2021-02-27 00:00:00,37926
45747,2021-02-27 00:00:00,35011
36270,2021-02-27 00:00:00,37880
18926,2021-02-27 00:00:00,35486
45741,2021-02-27 00:00:00,38306
28012,2021-02-27 00:00:00,35598
28116,2021-02-27 00:00:00,37871
45781,2021-02-27 00:00:00,36889
25632,2021-02-27 03:08:00,34682
45791,2021-02-27 00:00:00,35011
39507,2021-02-27 00:00:00,36889
45788,2021-02-27 00:00:00,37838
34091,2021-02-27 00:00:00,33704
37908,2021-02-27 00:00:00,36461
23614,2021-02-27 00:00:00,37838
26730,2021-02-27 00:00:00,35217
34616,2021-02-27 00:00:00,35596
26424,2021-02-27 00:00:00,37735
32615,2021-02-27 00:00:00,35581
34148,2021-02-27 00:00:00,35596
23731,2021-02-27 00:00:00,37738
20185,2021-02-27 00:00:00,36006
32090,2021-02-27 00:00:00,35760
22512,2021-02-27 00:00:00,35597
30331,2021-02-27 00:00:00,34312
45846,2021-02-27 00:00:00,37726
33536,2021-02-27 00:00:00,37090
34298,2021-02-27 00:00:00,37746
25342,2021-02-27 00:00:00,37926
41976,2021-02-27 00:00:00,34550
39769,2021-02-27 00:00:00,37747
33176,2021-02-27 00:00:00,34657
45851,2021-02-27 00:00:00,35596
20339,2021-02-27 02:25:00,34121
45157,2021-02-27 00:00:00,35597
39174,2021-02-27 00:00:00,37747
45873,2021-02-27 00:00:00,35596
45860,2021-02-27 00:00:00,35213
44991,2021-02-27 00:00:00,34592
41086,2021-02-27 00:00:00,33703
23096,2021-02-27 00:00:00,35598
45173,2021-02-27 00:00:00,35213
44477,2021-02-27 00:00:00,33703
33991,2021-02-27 00:00:00,38249
24256,2021-02-27 00:00:00,35597
45288,2021-02-27 00:00:00,37874
45893,2021-02-27 00:00:00,35813
24885,2021-02-27 00:00:00,33703
45902,2021-02-27 03:00:00,35011
20536,2021-02-27 00:00:00,35596
41712,2021-02-27 00:00:00,34164
20529,2021-02-27 14:56:00,37747
16525,2021-02-27 00:00:00,33745
20544,2021-02-27 15:04:00,39181
17511,2021-02-27 00:00:00,34747
23072,2021-02-27 02:07:00,35596
37925,2021-02-27 08:01:00,37938
37367,2021-02-27 05:03:00,34657
34981,2021-02-27 01:52:00,34657
33630,2021-02-27 02:02:00,34657
37221,2021-02-28 17:46:00,34550
32467,2021-02-28 14:25:00,34709
27371,2021-02-27 09:12:00,34666
32683,2021-02-27 15:20:00,39181
45958,2021-02-28 19:18:00,34550
45954,2021-02-27 11:36:00,34583
41672,2021-02-28 02:04:00,35011
21566,2021-02-27 07:38:00,35689
23783,2021-02-28 07:52:00,36917
44346,2021-02-27 17:48:00,34662
45935,2021-02-27 19:01:00,35027
19448,2021-02-27 13:10:00,35217
41764,2021-02-28 11:42:00,34450
18260,2021-02-28 11:03:00,34665
34550,2021-02-28 16:24:00,36903
36727,2021-03-01 23:41:00,36006
36728,2021-03-02 00:56:00,36006
46001,2021-03-02 01:17:00,36006
44123,2021-02-28 12:35:00,36587
